ФИО,Желаемая должность,Зарплата,Личная информация,Местоположение,Занятость и график,Общий опыт,Последнее место работы,Обязанности,Ключевые навыки,Обо мне,Образование,Языки,Ссылка
Кандидат,"Fullstack developer (Angular, NestJs)",Не указано,"Мужчина, 41 год","Москва , м. Бауманская , готов к переезду , готов к командировкам",Не указано,Опыт работы 17 лет 8 месяцев,Senior Frontend developer Angular в OnMoon,Angular,"Angular, JavaScript, HTML5, CSS3, Git, Bootstrap, react, Atlassian Jira, Nest js, Node.js, TypeScipt, Русский — Родной, Английский — B2 — Средне-продвинутый, Немецкий — B1 — Средний","Технологии: FrontEnd: Angular, Next.js, Vue.js, WebSocket, TypeScript, JavaScript, HTML, SCSS BackEnd: NestJs, Node.js, MongoDB, PostgreSQL DevOps: VPS, CI/CD, Docker Интересы: Data Science, AI GameDev 3d modelling","Московский физико-технический институт (Государственный университет), Москва Кафедра радиоэлектроники и прикладной информатики; ISEU International Sakharov Environmental Institute Radiobiology, Radiation medicine; Rsschool RsSchool , NodeJs developer; Rsschool RsSchool , Angular developer; LeverX Group LeverUp! Course , Front-end Programming Angular","Русский — Родной, Английский — B2 — Средне-продвинутый, Немецкий — B1 — Средний",https://hh.ru/resume/fff62e4200083dc0110039ed1f416a4c323963
Кандидат,Frontend-разработчик Angular,4 200 $ на руки,"Мужчина, 31 год","Москва , не готов к переезду , готов к редким командировкам",Не указано,Опыт работы 8 лет 3 месяца,Angular Developer в Korkortsjakten,"Разработал с нуля клиентскую часть сайта на Angular 19 Состав команды: 2 фронтенд-разработчика, 2 бэкенд-разработчика, QA Отвечал за архитектуру, реализацию и интеграцию с REST API Проводил код-ревью","Angular, Git, RxJS, NgRx, PrimeNg, Material, Cypress, PHP, MySQL, PostgreSQL, Laravel, HTML, CSS3, Scss, Русский — Родной, Английский — B2 — Средне-продвинутый, Армянский — C2 — В совершенстве","Опытный разработчик фронтенда на Angular с фокусом на результат. Имею успешный опыт в создании веб-приложений с интуитивно понятным интерфейсом. Специализируюсь на разработке настраиваемых пользовательских опытов, оптимизации производительности и обеспечении высокой степени взаимодействия. Глубокие знания в Angular, HTML, CSS и JavaScript позволяют создавать инновационные и привлекательные веб-приложения. Работал с клиентами различных отраслей, обеспечивая успешную реализацию их потребностей и целей. Готов эффективно работать в команде и принимать вызовы различной сложности.","ASUE Management , Management","Русский — Родной, Английский — B2 — Средне-продвинутый, Армянский — C2 — В совершенстве",https://hh.ru/resume/dd834f6000078b75310039ed1f4d4142776756
Кандидат,Программист Angular,Не указано,"Мужчина, 40 лет","Москва , не готов к переезду , не готов к командировкам",Не указано,Опыт работы 11 лет 10 месяцев,Программист в Индивидуальное предпринимательство / частная практика / фриланс,Разрабатывал сайты на angular Общий стаж в it более 7 лет По желанию пришлю код на почту,"angular, Русский — Родной",html css javascript angular,"Московский государственный университет экономики, статистики и информатики, Москва информационные технологии , Прикладная математика и информатика",Русский — Родной,https://hh.ru/resume/163277730008b706010039ed1f47505346714a
Кандидат,Frontend Developer -Angular,250 000 ₽ на руки,"Мужчина, 29 лет","Москва , готов к переезду , готов к командировкам",Не указано,Опыт работы 4 года 10 месяцев,Angular Frontend developer в onmoon,"Market CSGO – one of the largest marketplaces for buying and selling CS:GO skins (market.csgo.com) Developed the “Sell Items” page, handling high load and complex logic, leveraging Web Workers for performance optimization. Built reusable UI components, accelerating new feature development. Optimized the filter component with an OOP-driven approach, improving maintainability and scalability. Swapskins – skin marketplace and trading service (swapskins.com) Implemented new functionality to enhance system efficiency and improve user experience. Developed new components and large-scale modules. Created custom form validators for complex validation logic. Participated in code review and ensured code quality. Hard Skills: Angular, Angular Universal, TypeScript, JavaScript, RxJS, NgRx, GraphQL, Socket-Centrifuge, Unit Testing, Cypress, Tailwind. Soft Skills: Team collaboration, Agile/SCRUM methodology, code review, refactoring.","Angular, TypeScript, JavaScript, HTML5, CSS3, Git, SCSS, RxJs, NgRx, GraphQL, Unit Testing, Tailwind, REST, Узбекский — Родной, Английский — A2 — Элементарный, Русский — B2 — Средне-продвинутый","Frontend developer with 4+ years of experience in building high-load web applications. Specialized in Angular and TypeScript with strong expertise in creating scalable user interfaces, performance optimization, and real-time integrations. Experienced in state management (NgRx, Akita), UI libraries, testing, and Agile/SCRUM teamwork. Always eager to learn and take on new challenges in web development. Frontend: HTML5, CSS3, SCSS/SASS, responsive & cross-browser layout Languages: JavaScript (ES6+), TypeScript Frameworks: Angular 2+, Angular Universal State Management: NgRx, Akita UI Libraries: Angular Material, PrimeNG, Tailwind Reactive Programming: RxJS Tools & Technologies: Git, REST API, GraphQL, Web Workers, Socket-Centrifuge Testing: Jasmine, Cypress, unit testing, TDD Additional: D3.js, NgXF, email template development, localization (i18n, ngx-translate, Babel) Development Principles: OOP, SOLID, KISS, DRY","Таджикский Государственный Университет Права, Бизнеса, и Политики ИННОВАЦИЙ И ТЕЛЕКОММУНИКАЦИЙ , Программист","Узбекский — Родной, Английский — A2 — Элементарный, Русский — B2 — Средне-продвинутый",https://hh.ru/resume/004d9f6d0008f75c670039ed1f4f57534c3368
Кандидат,Frontend developer (Angular),2 100 $ на руки,"Мужчина, 34 года","Минск , м. Спортивная , готов к переезду (Москва) , готов к командировкам",Не указано,Опыт работы 5 лет 1 месяц,Full-stack developer (angular/nest) в Neatsoft,Development of front and back side of outsource apps,"HTML5, JavaScript, Bootstrap, Git, C#, SQL, ООП, MySQL, CSS3, Figma, Adobe Photoshop, Angular, React, Less, Ajax, Желание учиться новому, jQuery, Material UI, BEM, Английский язык, SCSS, REST API, Chart js, NgRx, RxJS, React Hooks, Redux, Redux Thunk, React.js, NestJS, Русский — Родной, Английский — B1 — Средний","Свободное время люблю проводить на тренировке по кравмаге, читать книги и заниматься хендмейдом. Очень ценю саморазвитие.","Минский институт управления, Минск Менеджмент , Информационный менеджмент (BA); ПВТ TeachMeSkils , Front-end Developer (react/angular); Школа дизайна highlight school , Web-design; ПВТ IT academy , Програмирование на c#","Русский — Родной, Английский — B1 — Средний",https://hh.ru/resume/b889669c0007ea77180039ed1f464d79796e72
Кандидат,Angular Developer,Не указано,"Мужчина, 41 год","Мытищи (Московская область) , готов к переезду (Москва) , готов к редким командировкам",Не указано,Опыт работы 19 лет 10 месяцев,Frontend-разработчик в Индивидуальное предпринимательство / частная практика / фриланс,"Создание SPA-приложений, верстка лендингов, разработка и доработка сайтов.","CSS-верстка, Git, HTML-верстка, JavaScript, jQuery, jQuery UI, Sass, Scss, нативный javascript, умение понимать чужой код, Ext JS, SVN, grunt, MongoDB, Node.js, websocket, Angular, AngularJS, npm, Vue.js, TypeScript, Python, Django Framework, SQLite, HTML5, CSS3, HTML, Веб-программирование, Обучение и развитие, React, Русский — Родной, Английский — B2 — Средне-продвинутый","Меня зовут Дмитрий, я разработчик с опытом в веб-разработке и программировании. Я увлечён созданием качественных и эффективных решений, которые соответствуют задачам и потребностям пользователей. Ключевые навыки: - JavaScript: Уверенно владею современными технологиями фронтенда, создаю динамичные интерфейсы, работаю с библиотеками и фреймворками. - Python: Использую язык для автоматизации процессов, создания серверной логики и работы с данными. - Django: Знаком с основами фреймворка, могу работать над базовыми задачами и готов углублять знания для работы с более сложными проектами. Что меня отличает: - Ответственность: Всегда довожу начатое до конца, соблюдаю сроки и высокие стандарты качества. - Гибкость: Быстро осваиваю новые технологии и адаптируюсь к новым задачам. - Командный игрок: Умею взаимодействовать с коллегами, обмениваться идеями и работать на общий результат. - Желание развиваться: Постоянно учусь, интересуюсь новыми технологиями и стремлюсь к профессиональному росту. Моя цель — не просто писать код, а создавать решения, которые приносят реальную пользу. Я открыт к новым вызовам и готов вносить вклад в развитие вашей команды.","Московский государственный технический университет им. Н.Э. Баумана, Москва Факультет радиоэлектроники и лазерной техники , Радиофизика и электроника","Русский — Родной, Английский — B2 — Средне-продвинутый",https://hh.ru/resume/837460c80001e15df90039ed1f50383478386d
Кандидат,Fullstack (Angular/Node.JS),Не указано,"Мужчина, 34 года","Кишинёв , готов к переезду (Москва) , готов к командировкам",Не указано,Опыт работы 11 лет,Full Stack разработчик в Glossa systems,"• Разработка и поддержка веб-приложений с использованием Node.js (backend) и Angular (frontend). • Настройка и работа с системами управления задачами и очередями, такими как Bull Queue. • Работа с реляционными базами данных, такими как MySQL, и нереляционными, такими как Redis, включая оптимизацию запросов и настройку кэширования. • Проектирование архитектуры приложений, включая API, базы данных и пользовательский интерфейс. • Реализация механизмов обновлений фронтенда и бэкенда, включая системы управления версиями и откатов.","Прототипирование, CSS3, UX, UI, Adobe Photoshop, MySQL, HTML5, Проектирование пользовательских интерфейсов, Управление интернет-проектами, Adobe Illustrator, Bootstrap, Веб-дизайн, Usability, CMS Wordpress, Разработка технических заданий, Постановка задач разработчикам, руководство командой разработчиков, Тестирование пользовательского интерфейса, Atlassian Jira, Atlassian Confluence, JavaScript, Figma, Sketch, CX, TypeScript, Agile, REST API, Angular, Node.js, Русский — Родной, Английский — B2 — Средне-продвинутый, Румынский — A2 — Элементарный, Французский — B1 — Средний","Опытный специалист в IT с более чем 10-летним стажем. Эксперт в разработке пользовательских интерфейсов и создании отличного пользовательского опыта. Глубоко понимаю весь цикл разработки, обладаю навыками управления проектами. В настоящее время работаю Fullstack JS разработчиком. Веду активный образ жизни: посещаю спортзал, играю в падел, катаюсь на сноуборде и люблю путешествовать. Имею опыт работы в Париже и Брюсселе, владею французским и английским.","Экономическая Академия РМ Бизнес-администрирование , Маркетинг-менеджмент; Экономическая Академия РМ Бизнес администрирование , Маркетинг и логистика; javascript.ru ИП Кантор Илья Александрович , Курс ""JavaScript/DOM/Интерфейсы"" для новичков; javascript.ru ИП Кантор Илья Александрович , Курс ""JavaScript/DOM/Интерфейсы"" для программистов; Higher School of Economics (Национальный исследовательский университет ""Высшая школа экономики"") НИУ ВШЭ , Управление пользовательским опытом и сервисный дизайн Цифровых Продуктов; javascript.ru ИП Кантор Илья Александрович , Курс ""JavaScript/DOM/Интерфейсы"" для новичков; javascript.ru ИП Кантор Илья Александрович , Курс ""JavaScript/DOM/Интерфейсы"" для программистов","Русский — Родной, Английский — B2 — Средне-продвинутый, Румынский — A2 — Элементарный, Французский — B1 — Средний",https://hh.ru/resume/c2be7c9a0005b98d220039ed1f326e75597a57
Кандидат,Angular/React Developer,Не указано,"Мужчина, 42 года","Москва , готов к переезду , не готов к командировкам",Не указано,Опыт работы 13 лет 6 месяцев,Fronend Developer в Aventus Group,"* Разработка и сопровождение функционала согласно требованиям бизнеса; * Фикс багов; * Рефакторинг кода; * Умение работать в команде; * Scrum и Kanban; * Опыт работы согласно методологии git flow. Технический стек: * React: 17-18, Formik: 2.2, Axios: 1.2, i18next: 20, react- redux: 8, date-fns: 2.29, classname: 2.3, yup: 0.32, react-ga: 3.3; * TypeScript: 4.9; * Husky, lint-stage, sass, prettier.","React, Angular, HTML5, Bootstrap, Git, Docker, MySQL, Nginx, ООП, PHP 7, Русский — Родной, Английский — C1 — Продвинутый","Навыки: - Опыт работы с React16+, Angular 8+ - Понимание паттернов проектирования - Кросcбраузерная адаптивная верстка с использованием предпроцессоров (less, sass) - Функциональное тестирование - Умение работать с Jira, Confluence, Git - Умение работать в команде","Иркутский государственный университет путей сообщения, Иркутск Информационные системы и защита информации , Программное обеспечение автоматиированных систем","Русский — Родной, Английский — C1 — Продвинутый",https://hh.ru/resume/93372c2400036ddc680039ed1f376579654a6c
Кандидат,Frontend-разработчик (Angular),300 000 ₽ на руки,"Мужчина, 31 год","Москва , не готов к переезду , не готов к командировкам",Не указано,Опыт работы 11 лет 2 месяца,Frontend-разработчик в Frontend-разработчик,"Разработка личного кабинета для клиентов компании Angular 6 NgRx, e2e, ChangeDetectionStrategy.OnPush","Angular, JavaScript, MySQL, Git, CSS, HTML, Node.js, MongoDB, TypeScript, Less, Кроссбраузерная верстка, UX, Adobe Photoshop, Русский — Родной, Английский — B1 — Средний",Не указано,"Московский финансово-промышленный университет ""Синергия"", Москва Информационных технологий , Информационные системы и технологии","Русский — Родной, Английский — B1 — Средний",https://hh.ru/resume/a2b842d30006c0f9820039ed1f637736414c57
Кандидат,Frontend-разработчик Angular,Не указано,"Мужчина, 27 лет","Москва , не готов к переезду , не готов к командировкам",Не указано,Опыт работы 5 лет 4 месяца,Frontend-разработчик в Транснефть-Технологии,Разработка внутренних трубопроводных систем.,"JavaScript, CSS, HTML, MS Office, Atlassian Jira, Angular material, Ionic framework, Atlassian Confluence, Git, Cordova, Capasitor, Angular, Figma, Python, Tailwind, Rxjs, Ngrx, Leaflet, Русский — Родной, Английский — C1 — Продвинутый, Немецкий — A2 — Элементарный","Люблю изучать новые технологии и фичи, а также применять их на практике. Охотно решаю интересные и сложные задачи. Ищу компанию, которой могу быть полезен, работа в которой поможет мне вырасти в профессиональном плане.","Московский физико-технический институт (Государственный университет), Москва Радиотехники и кибернетики , Прикладная математика и физика","Русский — Родной, Английский — C1 — Продвинутый, Немецкий — A2 — Элементарный",https://hh.ru/resume/73c0a3970007ef38950039ed1f4d7631475051
Кандидат,Javascript Angular программист,350 000 ₽ на руки,"Мужчина, 39 лет","Москва , не готов к переезду , не готов к командировкам",Не указано,Опыт работы 19 лет 8 месяцев,Эксперт управления разработки продуктов Multi-D в ИНЖИНИРИНГОВАЯ КОМПАНИЯ «АСЭ»,Разработка продуктов Multi-D,"JavaScript, Обучение и развитие, Асинхронное программирование, Angular, rxjs, HTML, Git, SCSS, Frontend, CSS3, TypeScript, Русский — Родной, Английский — A1 — Начальный, Немецкий — A1 — Начальный","Я коммуникабельный и активный, имею здоровое чувство юмора, не боюсь трудностей, по жизни оптимист, эффективно планирую своё время, легко нахожу контакт с людьми. Люблю и умею работать в команде, стремлюсь к профессиональному развитию. Человек я, семейный, поэтому ответственный! Увлекаюсь спортивным туризмом и рыбалкой. Мой репозитарий https://github.com/Alexsei https://bitbucket.org/AlekseiV/","КГБПОУ «Волчихинский политехнический колледж"" Факультет экономики и бухгалтерского учета , Бухгалтерский учет, анализ и аудит","Русский — Родной, Английский — A1 — Начальный, Немецкий — A1 — Начальный",https://hh.ru/resume/909a51fc0002f5cb2e0039ed1f35566c544352
Кандидат,angular frontend web dev,220 000 ₽ на руки,"Женщина, 42 года","Москва , готова к переезду , не готова к командировкам",Не указано,Опыт работы 4 года 10 месяцев,Middle front end developer в Jaxel,"фронтенд-разработчик облачной платформы цифровых двойников. В его центре находится цифровая 3D-модель, которая связывает различные данные о собственности - зданий. В мои обязанности входило дебаггинг, исправление ошибок, доработка текущего функционала - такого как добавление новых проперти для отображения на 3д модели - например типы ассетов как для десктоп так и для мобильной версии, так же фильтрация по типам, отображение на панели инструментов и на модели, драг-опции для моркап обьектов, доработка настроек цветового отображения плана(чертеж) здания, модальные окна, тултипы, изменения толщины отрисовки линий инструментов измерения модели (БабилонДжС). Из новых фич, из последних задач, было изменение курсора мыши при включении различных инструментов измерения на модели. Используемые библиотеки i18n, NgZorro, Babylon.js, NGSX, а так же RXJS.","Git, HTML5, CSS3, JavaScript, Sass, jQuery, Bootstrap, Gulp, Linux, angular 9, typescript, Docker, Mercurial, БЭМ, Angular, Vue, Vue.js, VueJS, Русский — Родной, Английский — B2 — Средне-продвинутый","Исследую страны карибского бассейна, изучаю испанский и турецкий языки. Мне всё равно на чай, кофе, печеньки; мой двигатель - это саморазвитие, а топливо - интересные и трудные задачи и радость от их решения, возможность высказаться и быть услышанной.","Skillbox UI/UX дизайнер; Udemy Angular 8 , Frontend developer; ITVDN IT , Frontend developer; Gitbrain IT , Верстальщик сайтов; Институт бизнеса и права, Санкт-Петербург Экономика , Финансы и кредит; skillcrucial https://skillcrucial.com , full stack js dev (MERN)","Русский — Родной, Английский — B2 — Средне-продвинутый",https://hh.ru/resume/6d0c4ac7000620389f0039ed1f4976436c7675
Кандидат,Front end разработчик angular,200 000 ₽ на руки,"Мужчина, 31 год","Москва , не готов к переезду , готов к редким командировкам",Не указано,Опыт работы 3 года 6 месяцев,Frontend-разработчик в ЦИФРА,Разработка front end части приложения по сбору и анализу данных от крупных металлургических и нефтеперерабатывающих компаний. На проекте были использованы следующие технологии: Angular 18 Rxjs Ngrx Nx Микрофронтенд Prizm design Karma Jasmine,"CSS, HTML, ООП, Git, JavaScript, Rxjs, HTML5, Sass, Java Script, WebSocket, Less, CSS3, Ngrx, Material Design, Angular, SOLID, Docker, Karma, Jasmine, Module federation, Webpack, Java, Русский — Родной, Английский — B1 — Средний","Целеустремленный, ответственный ,внимательный, открыт к обучению. Java обучался самостоятельно по книгам Герберта Шилдта,знаю ООП java-core, Collection framework, JavaFX. Знаю HTML/Css прошел курс на GeekBrains. Прошел обучение основам фреймворков Spring, hibernate, springboot. Есть опыт работы с GitHub, Maven. Работал автотестировщиком пол года, тестировал front и back сайта. Прошел обучение в LearnUP по курсу Web-разработчик, углубленно изучил html,css, JS, angular https://github.com/Robar3 ссылка на репозиторий гитхаб","Московский технический университет связи и информатики, Москва Информационные системы и технологии","Русский — Родной, Английский — B1 — Средний",https://hh.ru/resume/38a1654c000674c36e0039ed1f38724b4c6b65
Кандидат,Front-End разработчик Angular,450 000 ₽ на руки,"Мужчина, 41 год","Москва , готов к переезду , готов к редким командировкам",Не указано,Опыт работы 18 лет 1 месяц,"Тимлид / Техлид в Утконос, онлайн-магазин","Ведение команды и разработка веб-сайтов https://online.lenta.com и https://www.utkonos.ru Текущий стек Angular 15, NX, NGRX В обязанности входит развитие команды и приложения: Управление командой веб-разработчиков: Менеджмент команды: - найм - увольнение - инкризы - развите - 1:1 - сфетовор - техническое развитие - митапы Организация процесса разработки: - настройка процесса GitFlow - настройка CICD - настройка LightHouse CI и SonarQube системный мониторинг качества - код ревью - кодстайлинг - ведение технического долга - план развития системы Архитектура приложения - сплит системы на b2b/b2c - мультибрендинг - разработка архитектуры приложения - адаптация паттернов проектирования в проект CICD - настройка приложения для деплоя приложения в Kubernets - настройка приложения для деплоя в разных средах UnitTest - настройка юнит тестов в проекте - написание юнит тестов Разработка приложения - реализация бизнесс задач - взаимодейтсвие с другими платформами - взаимодействие между платформами SSR - настройка SSR - настройка СЕО","JavaScript, HTML, CSS3, Angular 2+, Angular, Русский — Родной, Английский — B2 — Средне-продвинутый","Ключевыми навыками считаю умение обсудить и понять с заказчиком поставленную задачу, найти, сравнить и предложить лучшее для реализации решение и осуществить его интеграцию.",Уральский институт экономики управления и права Прикладная информатика в экономике,"Русский — Родной, Английский — B2 — Средне-продвинутый",https://hh.ru/resume/d871f99f0000ff1a430039ed1f4d72734d726d
Кандидат,"Frontend-Engineer (Ionic, Angular, Vue, React)",Не указано,"Мужчина, 36 лет","Пушкино (Московская область) , готов к переезду (Москва) , готов к командировкам",Не указано,Опыт работы 8 лет 1 месяц,"Разработчик в ТОП КЕЙС, ООО","Разработка фронтенда на проектах правительства Москвы (АИС ДО, АИС УИД, ЕБС, Реновация, МКА, HR-booth, АИС МГТ) АИС ДО: -Распилил проект на микрофронтенд (Angular\Nx\module-federation) -Организовал деплой (Gitlab-CI) -Обновил до 19 ангуляра -Реорганизовал модуль для работы по GraphQL / RPC Команда: 1 фронтендер (я), 8 бэкэндеров АИС УИД: -Разработал библиотеку компонентов для генеративной формы на Vue3 -Отпилил от монолита ряд модулей Команда: 6 фронтендеров, 6 бэкэндеров ЕБС: -Разработал модуль оформления билетов (Angular) -Оптимизировал отрисовку билета Команда: 3 фронтендера, 5 бэкэндеров Реновация, МКА: - Улучшил DX генеративных форм с точки зрения реюзабельности и кастомизируемости (Angular 10) -Команда: 1 фронтендер (я), 2 бэкэндера HR-booth: -Разработал интерфейс настройки ИИ-помощника (React) -Перевел проект на Typescript -Настроил деплой (Gitlab-CI) -Разработал модуль медиа-библиотеки Команда: 1 фронтендер (я), 2 фуллстека АИС МГТ: -Разработал мобильное веб-приложение на React Команда: 1 фронтендер (я)","HTML, CSS, JavaScript, ionic, TypeScript, Angular, Git, Firebase, jQuery, npm, Cordova, Websocket, GraphQL, GitLab CI, React, Vue3, API, Русский — Родной, Английский — B2 — Средне-продвинутый","Предпочитаю офисный формат работы. Коммерческий опыт работы на React, Vue3, Ionic Опыт Angular 6++ на уровне понимания его работы под капотом. HTML5, CSS3 и SCSS знаю с юношеской поры (регулярно почитывая пропозалы спецификаций). Предпочитаю JavaScript ванильный фреймворкному, TypeScript последних версий понимаю и использую, Git привносил в более чем одну dev команду. Руковожу и тренирую киберспортивную команду","Московский государственный университет дизайна и технологии, Москва","Русский — Родной, Английский — B2 — Средне-продвинутый",https://hh.ru/resume/0d65dbc70006dfae150039ed1f56356c677346
Candidate,Fullstack-developer(JS-Angular),Не указано,"Male, 33 years","Petrozavodsk , I want to relocate (Germany, Israel, Cambodia, Cyprus, Latvia, Moscow, Poland, Saint Petersburg, Thailand, Czech Republic, Estonia) , prepared for business trips",Не указано,Work experience 7 years,Senior Frontend Developer в Nitka,"Worked on several mid-term projects such as: Funzing: an online sharing economy marketplace that facilitates people to host and attend events and experiences in their leisure time based on their hobbies, passions, or skills. Worked on the mobile version of this site, implementing new designs and functionalities such as global filters, new event's cards etc GetCovered - USA insurance agency. Develop frontend of some new insurance types, such as renter insurance, deposit choice insurance and etc. Made possibility to customize the main website for custom subagency. Technology stack: JS/TS, Angular9+,RXJs, Scss","JavaScript, Angular, AngularJS, Java, Linux, Spring Framework, Node.js, Hibernate ORM, Webpack, Git, HTML5, SQL, Bootstrap, Typescript, ReactJS, RabbitMQ, Groovy, NGRX, NGXS, Russian — Native, English — B2 — Upper Intermediate","The passionate and curious developer, with wide experience in web development. I enjoy recreating existing systems to improve their performance. In addition, I can work with existing software and work to deadlines. I like some active rest such as rock climbing, swimming and so on at my free time.","Petrozavodsk State University, Petrozavodsk applied mathematics and informatics; Rice University Coursera.org , Concurrent Programming in Java; Stanford University Coursera.org , Machine Learning; Frontend nanodegree Udacity , Frontend nanodegree; The Hong Kong University of Science and Technology Coursera.org , Server-side Development with NodeJS","Russian — Native, English — B2 — Upper Intermediate",https://hh.ru/resume/668b862c0006acef8e0039ed1f705645775455
Кандидат,Младший разработчик (Angular 2+),Не указано,"Мужчина, 25 лет","Москва , не готов к переезду , не готов к командировкам",Не указано,Опыт не указан,Не указано,Не указано,"JavaScript, CSS, Git, HTML, RxJs, Angular 2+, SCSS, Less, TypeScript, Адаптивная верстка, Figma, Adobe Photoshop, npm, Karma, Jasmine, Ionic, Русский — Родной, Английский — B1 — Средний","Мне нравится заниматься фронтендом, изучать новые технологии. Ответственный, целеустремленный, готов работать в команде, профессионально развиваться и вносить свой вклад в продукт компании, перенимать опыт коллег. Есть два проекта на гите, разработанные самостоятельно: https://github.com/Zadian228","КСУ 3; Udemy Udemy , Angular 9. Теория и Практика 2020; Udemy Udemy , Ionic - Build iOS, Android & Web Apps with Ionic & Angular; learn.javascript.ru learn.javascript.ru , JS; htmlacademy htmlacademy , HTML5, CSS3; Udemy Udemy , Angular 8 (formerly Angular 2) - The Complete Guide; Udemy Udemy , RxJs 6 In Practice; Udemy Udemy , The Complete JavaScript Course 2019: Build Real Projects!","Русский — Родной, Английский — B1 — Средний",https://hh.ru/resume/062e44a20007db80b40039ed1f77654e644338
Кандидат,Front-end разработчик (Angular),130 000 ₽ на руки,"Мужчина, 40 лет","Владивосток , готов к переезду (Москва, Санкт-Петербург) , готов к командировкам",Не указано,Опыт работы 11 лет 8 месяцев,Frontend-разработчик в Баскурьер,"Компания ""Баскурьер"" занимается доставкой посылок с помощью международных автобусов. Основной задачей сайта является оформление заявки на доставку посылок. Так же на сайте можно посмотреть отчет по заявкам, состояние заявки, а также информацию по различным услугам. Для оформления заявки на сайте предусмотрено несколько вариантов: 1) Первый вариант ""Предзаказ"" – позволяет сформировать заказ, посмотреть стоимость заказа и на основе этого определиться оформлять заказ или нет. Если заказ решено продолжать, то осуществляется переход на пошаговую форму, в которую автоматически переносится информация, которая уже заполнена, а так же вносится дополнительная информация. 2) Второй вариант ""Полное оформление"" – сразу перейти на пошаговую форму и оформить заказ. Также пользователь может авторизоваться, перейти в личный кабинет и просмотреть или отредактировать информацию. Два типа пользователей: физическое лицо и юридическое лицо, личные кабинеты этих пользователей разные! Особенности формы: все поля и разделы формы формируются динамически.","Atom, Webstorm, Microsoft Visual Studio, Adobe Photoshop, SketchUp, Zeplin, Figma, Iterm, Git, JavaScript, es6, jQuery, Pug, Handlebars, Razor, Sass, Less, Stylus, Bootstrap, Foundation, Gulp, Webpack, npm, Node.js, Postcss, AngularJS, RxJs, TypeScript, Русский — Родной, Английский — B2 — Средне-продвинутый","Всем привет! Меня зовут Антон. Я фронтенд-разработчик. Последние 8 лет я занимаюсь разработкой различных сайтов и сервисов. На данный момент мой основной технический стек – AngularJS, TailwindCss, Rxjs, Typescript, NgRx, Figma. 1) Если вам нужен качественный проект на AngularJS свяжитесь со мной. Я буду рад вам помочь. 2) Если вам нужна верстка (в том числе pixelperfect) макета из Figma, Sketch, Photoshop, то Вы также по адресу. А еще: • Активно занимаюсь самообразованием: курсы, статьи, видео на youtube... Есть куча идей, для своих личных проектов. Осталось дело за малым - воплотить их в жизнь.","Дальневосточный государственный технический университет, Владивосток Информатики и экономики , Прикладная информатика в экономике; JavaScript. Продвинутый уровень HTML Academy , Frontend; JavaScript. Базовый уровень HTML Academy , Frontend; React.js learn.javascript.ru , Frontend; JavaScript learn.javascript.ru , Frontend; HTML/CSS HTML Academy , Frontend","Русский — Родной, Английский — B2 — Средне-продвинутый",https://hh.ru/resume/70faeb0a000570e6600039ed1f654468585042
Кандидат,"Asp .Net Core, Angular, RectJs/NextJs",5 000 $ на руки,"Мужчина, 36 лет","Москва , не готов к переезду , готов к командировкам",Не указано,Опыт работы 14 лет 7 месяцев,Full Stack в Horse21,Разработка фронт части на Angular 7 и разработка бэка на asp .net core.,"Entity Framework, C#, LINQ, CSS3, HTML, .NET Framework, MVC, MS SQL, JSON, Design Patterns, ASP.NET, HTML5, SQL, ADO.NET, СУБД, HTTP, Unit Testing, Cистемы управления базами данных, Angular, CQRS, React, REST, MSSQL, Jest, REST API, GraphQL, Русский — Родной, Английский — B2 — Средне-продвинутый, Украинский — C2 — В совершенстве","I'm ⭐️Senior full-stack web developer with over 10 years of experience. ✅ I can start Immediately ✅ I'm available 40+ hours per week ✅ My core experience: - The back-end is always C# ( .Net Framework and .Net Core) - The front-end is Asp.Net MVC, Angular and ReactJs/NextJs - Cloud Platform: Azure","Приднестровский Государвственный Институт Инженерно-Технический , Программное обеспечение вычислительной техники и автоматизированных систем","Русский — Родной, Английский — B2 — Средне-продвинутый, Украинский — C2 — В совершенстве",https://hh.ru/resume/fb2c93c600058b7dfa0039ed1f53567367704f
Candidate,"Front End / Game developer using ActionSript , Angular or Html5 with JavaScript",Не указано,"Male, 48 years","Moscow , willing to relocate , prepared for business trips",Не указано,Work experience 17 years 1 month,Front End Developer - Flex/HTML5/Angular/ActionScript в Morgan Stanley,"My role here is to developer and enhance Statistic and trading tool – This being a financial firm, NDA prohibits me from disclosing elaborate details. For past 6 months I have been a part of team that is migrating existing Flex apps to Angular2/HTML5. Before this I was working as a Architect and developer for Flex RIA’s used for MS clients and internally .","HTML5, JavaScript, Flash Actionscript, Adobe Flash, Adobe Flash Professional, CSS3, jQuery, Java, SQLite, AngularJS, NativeScript, React, English — Native",Не указано,"IGNOU Engineering , MCA; Adobe Certified Expert https://training.adobe.com/training/partner-finder/rafique_gilani_consu.html , Adobe Flex, Flash, ActionScript",English — Native,https://hh.ru/resume/9f09b8d80003b371300039ed1f347031493468
Кандидат,Java-разработчик,360 000 ₽ на руки,"Мужчина, Не указано","Москва , м. ВДНХ , не готов к переезду , готов к редким командировкам",Не указано,Опыт работы 5 лет 7 месяцев,Java-разработчик в Broadview,"Разработка проектов (Java, SQL, HTTP-client, REST, микросервисы, фронтэнд: Angular, React)","Java, Git, Spring Framework, Spring Data, Spring Cloud, Spring Boot, SQL, PostgreSQL, MySQL, NoSQL, Redis, Docker, Apache Kafka, RabbitMQ, ActiveMQ, ООП, Hibernate, Hibernate ORM, Spring WebFlux, REST, REST API, API, JUnit, Apache Maven, Gradle, JavaScript, React, Angular, Grafana, Swagger, Русский — Родной, Английский — B1 — Средний","Java-разработчик с 5 годами коммерческого опыта: - реализация полноценных сервисов: backend Java, SQL, frontend Angular, React; - использование современных подходов к разработке, например, реактивный стек (Reactor/WebFlux).; - анализ требований, выбор стека, написание кода и тестов, исправление ошибок, доработки; - взаимодействие с командой внедрения по уточнению требований, выбору технического решения, тестированию, доработкам. Работал в командах от 5 до 20 человек. Запускал сервисы с нуля: от замысла до ввода в эксплуатацию и технической поддержки. Также есть опыт по доработкам существующих решений на устаревшем стеке. По прошлой специальности имею большой опыт в реализации крупных проектов системной интеграции в области телевидения.","МИРЭА — Российский технологический университет, Москва РТС , Конструирование и производство радиоэлектронных средств и систем","Русский — Родной, Английский — B1 — Средний",https://hh.ru/resume/b8da2f1d000857eade0039ed1f4e6650434c45
Кандидат,Web Developer,Не указано,"Мужчина, Не указано","Москва , не готов к переезду , не готов к командировкам",Не указано,Опыт работы 7 лет 2 месяца,GIS Web Developer в BYU-Idaho,• Developing Publicity accessible mapping applications utilizing Esri JavaScript API • Publishing ArcGIS Server REST services for external and internal consumption • Testing web application for end-user acceptance • Designing feature classes and editing data using ArcGIS Pro,"Angular, TypeScript, JavaScript, Node.js, HTML, Sass, CSS, ArcGIS, .NET Framework, MongoDB, MySQL, Русский — Родной, Английский — C1 — Продвинутый",Не указано,Brigham Young University - Idaho,"Русский — Родной, Английский — C1 — Продвинутый",https://hh.ru/resume/2653883c00087c76bd0039ed1f6c396d617542
Кандидат,JavaScript разработчик (frontend),275 000 ₽ на руки,"Мужчина, 34 года","Москва , м. Планерная , готов к переезду (Австралия, Австрия, Бельгия, Великобритания, Венгрия, Германия, Греция, Дания, Ирландия, Исландия, Испания, Италия, Канада, Кипр, Люксембург, Нидерланды, Новая Зеландия, Норвегия, ОАЭ, Польша, Португалия, США, Словакия, Турция, Финляндия, Франция, Хорватия, Чехия, Швейцария, Швеция, Шотландия, Япония) , готов к командировкам",Не указано,Опыт работы 14 лет 10 месяцев,Frontend-разработчик в Upwork,"Отработал более 2000 часов по 15 проектам со 100% рейтингом и отметкой ""Top Rated"". Разрабатывал веб-приложения с использованием MEAN стека (Angular, ExpressJS,MongoDB,NodeJS) Преимущественно разрабатывал графические редакторы с использованием FabricJS и веб сайты на Angular","AngularJS, JavaScript, HTML5, CSS3, Node.js, Typescript, Angular, Vue, Git, SQL, Русский — Родной, Английский — C1 — Продвинутый",Web-Developer with experience in both frontend and backend engineering. Has a strong background in SPA architecture and development. With expertise in being a part of a big team and working on projects independently as a freelancer.,"Тольяттинский государственный университет, Тольятти Математики и Информатики , Прикладная математика и информатика; Тольяттинский Государственный Университет NetCraker , Программист Java","Русский — Родной, Английский — C1 — Продвинутый",https://hh.ru/resume/08af76c5000520fb4b0039ed1f4b6669644359
Кандидат,Frontend Developer,Не указано,"Мужчина, 29 лет","Москва , м. Волгоградский проспект , готов к переезду , готов к командировкам",Не указано,Опыт работы 3 года 2 месяца,Frontend-разработчик в ООО Сторк,"Стек Angular, gulp, webpack, vanilla js, typescript; - Оптимизация приложения (разбивка компонентов и объединения пере используемого кода, добавление ленивой загрузки, добавление OnPush стратегии по всему приложению, удаление логики из темплейтов, и т.д.); - баг-фиксинг и рефакторинг под строгие правила TS и SOLYD; - Управление состоянием с помощью NGRX в новом проекте и инструментами Angular на старом. - Проектирование пользовательских интерфейсов - Сбор требований, участие в составлении ТЗ - Избавление от глобальных сервисов; - Обновление с Angular 7 до Angular 11; - Тестирование","JavaScript, Git, HTML, Angular, TypeScript, Русский — Родной, Английский — A1 — Начальный","Frontend Engineer с опытом проектирования и разработки веб-сайтов и веб-приложений с использованием веб-технологий. Владею JavaScript, TypeScript, Angular, RxJs, HTML, CSS. - Опыт разработки проектов на Angular 2 - Опыт работы TypeScript - Опыт использования линтеров (Eslint, Stylelint) - Опыт работы с git (GitLab, Bitbucket) - Опыт работы по SCRUM - Умение разбираться в чужом коде","Гудермесский филиал УВО «Институт финансов и права» Финансово-экономический , Банковское дело; Intocode Intocode , WEB-Разработка","Русский — Родной, Английский — A1 — Начальный",https://hh.ru/resume/51491a730007d0daff0039ed1f63584e563971
Кандидат,.NET разработчик,Не указано,"Мужчина, 30 лет","Москва , готов к переезду (Алматы, Астана) , готов к командировкам",Не указано,Опыт работы 4 года 7 месяцев,Fullstack-разработчик в Брисмани,"Разработка REST API сервисов Разработка spa + REST API приложения Доработка функционала web- приложения backoffice (верстка компонентов angular, доработка backend)","MS SQL Server, AngularJS, CSS, HTML, PostgreSQL, ASP.NET, Git, TFS, .NET, C#, Docker, ELK, Rxjs, ngneat/elf, Русский — Родной, Английский — C1 — Продвинутый, Немецкий — A1 — Начальный","Навыки: - Бэкэнд: .Net 8 - LINQ, EF, DI, gRPC, CQRS, Clean Architecture, MediatR, SOLID, микросервисная архитектура - Фронтэнд: Angular 15, rxJS, стейтменеджер ngneat/elf, Kendo UI, Angular Material - MS SQL, PostgreSQL (Dapper/EF) - DevOps - Docker, Openshift, Jenkins - Логирование - Elk, grafana + loki - Брокеры Kafka/RabbitMQ - Версионирование - Bitbucket/gitlab Обязанности - Верстка страниц/создание реактивных компонентов Angular используя rxJS, state manager - Разработка .net REST api/gRPC сервисов/доработка существующих - Рефакторинг кода - Написание Unit тестов - Оценка задач В поиске позиции FullStack/Backend разработчика.","Московский государственный технологический университет ""Станкин"", Москва Факультет информационных систем и технологий , Информационные системы и технологии","Русский — Родной, Английский — C1 — Продвинутый, Немецкий — A1 — Начальный",https://hh.ru/resume/0a9744200005a34f5f0039ed1f6134574d5578
Кандидат,Frontend-разработчик,180 000 ₽ на руки,"Мужчина, 34 года","Тольятти , готов к переезду (Москва) , готов к командировкам",Не указано,Опыт работы 14 лет 2 месяца,Senior Software Developer в Luxoft,"Разработка клиентской части банковских сервисов для клиентов компании Люксофт, включая создание пользовательских интерфейсов, интеграцию с бекенд-системами и обеспечение и удобства использования с испольованием фреймворка Ангулар. - Разработка и поддержка клиентской части веб-приложения - Написание программного кода - Исправление выявленных багов","JavaScript, CSS3, HTML5, TypeScript, Git, AngularJS, Node.js, Angular, SQL, React, Qt, C++, MongoDB, Java, Python, Blender 3D, Русский — Родной, Английский — C1 — Продвинутый","Фронтенд разработчик, специализируюсь на разработке веб-приложений на Angular, NodeJS. Имею опыт в разработка баз данных, десктопных и мобильных приложений.","Тольяттинский государственный университет, Тольятти Математики и Информатики , Прикладная математика и информатика","Русский — Родной, Английский — C1 — Продвинутый",https://hh.ru/resume/d92864a30006f43ff80039ed1f534d67564b73
Кандидат,Программист-разработчик,70 000 ₽ на руки,"Мужчина, 63 года","Петрозаводск , готов к переезду (Москва, Санкт-Петербург) , готов к командировкам",Не указано,Опыт работы 34 года 10 месяцев,"ведущий инженер программист в КНЦ РАН, работа фрилансером по договорам с ИП Анисимова, ИП Задубненко","Eсть опыт использования Angular2, Node.js, jQuery, Bootstrap, Openlayers, PHP, MySQL. Языки программирования javascript, C++, Delphi, Visual FoxPRO, программирование для Arduino. Разработка вебсайтов, адаптивная верстка, разработка программного обеспечения, руководство проектами, геоинформационные технологии.","Angular 2, Node.js, jQuery, Ajax, Bootstrap, OpenLayers, PHP, MySQL, phpMyAdmin, CSS3, HTML5, Borland C++, Delphi, Git, руководство командой разработчиков, Русский — Родной, Английский — B2 — Средне-продвинутый","Программист с большим опытом, работал ведущим программистом, руководил проектами, делал веб-сайты, занимался геоинформационными технологиями, есть опыт использования Angular2, Node, jQuery, Bootstrap, Openlayers, PHP, MySQL, javascript, PHP, C++. Delphi, программирование для Arduino. Есть примеры кода для демонстрации навыков.","Национальный минерально-сырьевой университет ""Горный"", Санкт-Петербург Технологический , Программное обеспечение вычислительной техники и автоматизированных систем","Русский — Родной, Английский — B2 — Средне-продвинутый",https://hh.ru/resume/f2b8d98b00041bec900039ed1f6b73596a3844
Кандидат,Frontend разработчик,Не указано,"Мужчина, 52 года","Москва , не готов к переезду , готов к редким командировкам",Не указано,Опыт работы 34 года 3 месяца,Ведущий инженер-программист ( R&D Lead) в ОАО «Нижневартовскавиа» г.Нижневартовск,"Возглавляю группу из трех разработчиков, занимающихся поддержкой и модернизацией, корпоративной информационной системы на базе Microsoft AD, MS-SQL, MS Dynamics AX 2009 Angular 5 - 14: Разработка форм для взаимодействия с учетной системой и представления данных : NgRx 5-14, RxJs 5.5 -7.5, Angular Material С#: Разработка Windows Forms приложений для производственных задач и взаимодействия с учетной системой. .NET Framework 2.0 - 5.0 REST back-end .NET 5.0 (EntityFrameworkCore 5) Microsoft Dynamics AX 2009 (X++): Перевод корпоративной Ax3 на Ax9 Разработка модуля автоматизации аэропортовой деятельности на базе ""расчетов с клиентами"", кастомизация модулей ""Зарплата кадры"", разработка коннектора ЭДО к системе ""Диадок"", взаимодействие с банковскими системами, налоговая и пенсионная отчетность, управление планом закупок и прочее... Aдминистрирование и монтаж сетей Microsoft (AD, IIS, других сетевых служб), разработка решений с использованием SSRS, OLAP, MS-SQL, T-SQL.","X++, C#, Typescript, Transact-SQL, JavaScript, Angular, HTML, CSS, LINQ, .NET Framework, RXJS, Русский — Родной",На начальном уровне владею F# и Haskell ;,"НФТГПИ им. Менделеева ФИЗМАТ , Математика информатика и ВТ",Русский — Родной,https://hh.ru/resume/9d4b1f2900087330570039ed1f643174325131
Candidate,Lead Frontend Developer,200 000 ₽ in hand,"Male, 47 years","Moscow , metro station Novye Cheryomushki , not willing to relocate , prepared for business trips",Не указано,Work experience 9 years 5 months,Senior Frontend Developer в ISPSystem,"Development of custom Web components using Stencil, ongoing development and bug fixes for an Angular 10 application.","AngularJS, Angular 6/7/8, HTML5, JavaScript, Typescript, CSS/LESS/SCSS, Git, Karma, Protractor, Jenkins, Atlassian Jira, Google Docs, Adobe Photoshop, Adobe Illustrator, Bootstrap, REST, Russian — Native, English — C1 — Advanced",My portfolio created with Angular 8 and Bootstrap 4.3: https://amochalin-portfolio.appspot.com/ A lot of experience in Web frontend technologies from HTML5 and HTTP protocol to many libraries from Underscore and jQuery to ExtJS and AngularJS/Angular 8. In 2013 gave talks on AngularJS on Google Developer Groups' DevFest events in Moscow and Omsk.,Moscow State University,"Russian — Native, English — C1 — Advanced",https://hh.ru/resume/ba7a61a100089d46b10039ed1f35724f4c6562
Кандидат,Frontend-разработчик,60 000 ₽ на руки,"Мужчина, 26 лет","Москва , не готов к переезду , не готов к командировкам",Не указано,Опыт работы 2 года 1 месяц,Web-разработчик в Mobile Yota,"Владение HTML5/CSS3/Sass, работал с популярными фреймворками Angular, React, Bootstrap, адаптивная вёрстка","Ответственность, Внимательность, Целеустремленность, Трудолюбивость, Русский — Родной, Английский — B2 — Средне-продвинутый","Владею HTML5/CSS3/Sass, PHP, имеется опыт работы с CMS (WordPress, OpenCart); Опциональное владение: Photoshop. Умение быстро погружаться в чужой код. Читаю свободно на английском, пишу, понимаю, и разбираюсь в коде. Действительно нужна работа, хочу работать. Имел опыт работы с ПО Node.js, знаю нативные команды npm. Пользовался ранее фреймворком Bootstrap 4, опыт работы с системами контроля версий git, разбираюсь с системным администрированием на ОС windows/linux, выявляю ошибки, и устраняю их. В последние годы я работал по другой специальности. Готов обучатся, и хочу работать удалённо в команде.","им. В. Талалихина технический колледж №28 г. Москва. Менеджмент , Коммерция(по отраслям)","Русский — Родной, Английский — B2 — Средне-продвинутый",https://hh.ru/resume/5f5e75770008427db20039ed1f4237704c7654
Кандидат,Frontend-разработчик,150 000 ₽ на руки,"Мужчина, 44 года","Москва , не готов к переезду , готов к командировкам",Не указано,Опыт работы 19 лет 10 месяцев,Front-end developer в Jelvix,"Портал на Angular 2 + Node + Express, использующий: • PostgreSQL в качестве базы данных • pg-migrate для миграций базы данных • docker • ZeroMQ для коммуникации между серверами • Socket.IO для уведомлений Прототип изоморфного приложения React+ Redux + Node + Express Frontend проект на Angular.JS с использованием • UI router • bootstrap • angular gettext для локализации • Gulp в качестве системы сборки Fullstack проект на Angular.JS + Node + Express, использующий: • PostgreSQL в качестве базы данных, Sequelize для работы с моделями данных • Elastic search для поиска • Socket.io для чатов и уведомлений • bootstrap • Gulp • passport • REST API по принципу HATEOAS","C++, Objective-C, C#, JavaScript, PHP, ReactJS, AngularJS, CSS3, Lua, OpenAL, SVN, Git, jQuery, Bootstrap, ООП, Node.js, Mean.js, HTML5, Adobe Photoshop, Microsoft Visual Studio, Русский — Родной, Английский — C1 — Продвинутый","Хорошо уживаюсь в коллективе. Быстро обучаюсь и обладаю опытом обучения других. Увлекаюсь фотографией, компьютерными и консольными играми. В свободное время занимаюсь переводом литературы по IT тематике (в том числе занимался переводом и на коммерческой основе).","Харьковский национальный университет радиоэлектроники, Харьков компьютерной инженерии и управления , Гибкие компьютеризированные системы и робототехника","Русский — Родной, Английский — C1 — Продвинутый",https://hh.ru/resume/e5c6ab8700026644920039ed1f7066377a6932
Кандидат,PHP-программист,Не указано,"Мужчина, 35 лет","Москва , не готов к переезду , не готов к командировкам",Не указано,Опыт работы 13 лет 8 месяцев,PHP-программист в Индивидуальное предпринимательство / частная практика / фриланс,"Разработка сайтов Yii2, php, html5, css3, js, node.js, react, angular, express.js, mongodb, mysql","Adobe Photoshop, CorelDRAW, CSS, HTML, JavaScript, jQuery, MySQL, PHP, SEO, JSON API, Yii, Yii2, MongoDB, AngularJS, Reactjs, Vuejs, Node.js, Git, Angular, Русский — Родной","Интересует всё, что связанно с созданием сайтов, их оптимизацией и продвижением. Ответственный, внимательный, исполнительный, коммуникабельный.","Московский государственный университет им. М.В. Ломоносова, Москва Прикладная математика",Русский — Родной,https://hh.ru/resume/c66ed328000238e95b0039ed1f6b496d6f5033
Кандидат,Junior-разработчик (Python),Не указано,"Мужчина, 28 лет","Москва , не готов к переезду , не готов к командировкам",Не указано,Опыт не указан,Не указано,Не указано,"Python, Django Framework, SQL, MySQL, HTML, CSS, JavaScript, Angular, Git, Redis, Русский — Родной, Английский — B2 — Средне-продвинутый",В последние годы я проходил обучение без возможности работать.,"Национальный исследовательский университет ""Высшая школа экономики"", Москва МИЭМ , Компьютерные системы и сети; Национальный исследовательский университет ""Высшая школа экономики"", Москва МИЭМ , Информатика и вычислительная техника","Русский — Родной, Английский — B2 — Средне-продвинутый",https://hh.ru/resume/e299e1e20008a8761a0039ed1f6f756d496946
Кандидат,C# Backend Developer,Не указано,"Мужчина, 25 лет","Москва , не готов к переезду , не готов к командировкам",Не указано,Опыт не указан,Не указано,Не указано,".NET Framework, SQL, LINQ, JWT, C#, Entity Framework, REST API, .NET Core, MVC, SOLID, ООП, JSON API, SQLite, ASP.NET Core, Git, PostgreSQL, JS, CSS, MVVM, Docker, Разработка ПО, MS SQL Server, ASP. NET, Mapping, gRPC, CQRS, MediatR, DRY, DDD, Русский — Родной, Английский — B1 — Средний","Занимаюсь разработкой Web API на платформе ASP.NET Core. В качестве ORM использую Entity Framework Core. Базы данных MS SQL/PostgreSQL. Для валидации и маппинга использую библиотеки: AutoMapper, FluentValidation. Реализовывал JWT Access/Refresh token - аутентификацию/авторизацию на проектах. Сейчас изучаю Identity Server 4 (OAuth 2/ OpenID connect); Для тестирования API использую Postman. Также делаю модульные тесты - Xunit. Знаком с асинхронным программированием. Паттерны проектирования: * Строитель (Builder) * Адаптер (Adapter) * Декоратор (Decorator) * CQRS * Фабричный метод (Factory method) * Абстрактная фабрика (Abs fabric) * Одиночка (Singleton) * Стратегия (Strategy) * Состояние (State) * Шаблонный метод (Template) * Наблюдатель (Observer) Использую Dependency Injction, чистую архитектуру. Мой Codewars - codewars.com/users/BlackMamon Мой гитхаб - github.com/BanCSty","""Котельники"" (филиал) Международного университета природы, общества и человека ""Дубна"", Котельники ИВТ , Информатика и вычислительная техника; Build an app with ASP NET Core and Angular from scratch udemy; Программирование на С#: от новичка до специалиста Udemy","Русский — Родной, Английский — B1 — Средний",https://hh.ru/resume/28d5bd900008384e6b0039ed1f683342414534
Кандидат,Software Developer,Не указано,"Женщина, 33 года","Иваново (Ивановская область) , готова к переезду (Москва, Санкт-Петербург) , не готова к командировкам",Не указано,Опыт работы 4 года 2 месяца,Программист-разработчик в VoblaSoft,Участие в разработке сервиса для торговли на криптовалютных биржах (backend+frontend) Backend: NestJS Golang MongoDB Clickhouse Redis Grpc Frontend Angular 8,"Android, Java, ООП, Android SDK, Angular 2+, CSS, GRPC, Golang, MongoDB, Typescript, Git, Русский — Родной, Английский — B2 — Средне-продвинутый",Не указано,"Ивановский государственный энергетический университет им. В.И. Ленина, Иваново (Ивановская область) Факультет информатики и вычислительной техники , Программное обеспечение вычислительной техники и автоматизированных систем","Русский — Родной, Английский — B2 — Средне-продвинутый",https://hh.ru/resume/df22d5470003c547440039ed1f663944436842
Кандидат,C#/Java Software Developer,230 000 ₽ на руки,"Мужчина, 43 года","Алматы , готов к переезду (Москва, Санкт-Петербург) , готов к командировкам",Не указано,Опыт работы 20 лет 6 месяцев,C# Software Engineer в Schwarz IT Ltd.,"Development of system: * SHIELD. Additional SAP systems management console. (.Net Core 3.1, ASP.Net Core MVC, NHibernate, Angular7, TypeScript, Bootstrap, SCSS, MSSQL, IIS)",".NET Framework, C#, ASP.NET, WCF, MS SQL, MVC, ООП, HTML5, Java, ADO.NET, LINQ, Entity Framework, SQL, JavaScript, CSS, jQuery, HTML, Transact-SQL, Net.Co, NHibernate, Quartz.Net, JDBC, JSP/Servlets, Hibernate ORM, Java SE, J2ME, Angular2, Type script, Java Script, SCSS, Русский — Родной, Английский — B2 — Средне-продвинутый, Немецкий — B2 — Средне-продвинутый","Experienced Software Engineer possessing strong, hands-on, knowledge of programming in .NET/.NET Core, C#, ASP.NET/MVC, ADO.NET, Java, JavaScript and SQL language. Sergey is passionate Software Developer who has more than ten years record of developing, implementing and testing software designed to meet business requirements. He is a confident communicator and problem solver with ability to work in multicultural team. Right now seeking for a role of Software Engineer/Developer in an overseas company where he could apply his knowledge and experience, as well as get new ones due to challenging projects.","Kazakh National Technical University Bachelors Degree; British Council British Council , IELTS Test, 5.5 scores; Goethe Institut Goethe Institut , German language, B2","Русский — Родной, Английский — B2 — Средне-продвинутый, Немецкий — B2 — Средне-продвинутый",https://hh.ru/resume/71f75bd90006df22330039ed1f6b4456316678
Кандидат,Web-программист,3 000 $ на руки,"Мужчина, 39 лет","Рустави , готов к переезду (Киев, Москва, Санкт-Петербург) , не готов к командировкам",Не указано,Опыт работы 18 лет 10 месяцев,Developer в TBC Bank,"Developer, Web Developer","PHP, jQuery, CSS3, MS SQL, C#, JavaScript, Ajax, HTML5, MySQL, CSS, HTML, Bootstrap, MVC, Codeigniter, AngularJS, Sass, Angular, SCSS, Грузинский — Родной, Английский — B2 — Средне-продвинутый, Русский — C2 — В совершенстве",Не указано,"Грузинский технический университет Информатика и системы управления , Экспертиза сертификация управление качеством","Грузинский — Родной, Английский — B2 — Средне-продвинутый, Русский — C2 — В совершенстве",https://hh.ru/resume/2bb90ea80002f6f2d10039ed1f565a38364847
Кандидат,Ведущий инженер-разработчик,70 000 ₽ на руки,"Мужчина, 57 лет","Москва , не готов к переезду , не готов к командировкам",Не указано,Опыт работы 16 лет 10 месяцев,"Ведущий инженер-разработчик в ДиалИт Софт, ООО","Разработка структуры и функционала баз данных. Расширение функционала системы управления контентом. Сбор и анализ требований, разработка ТЗ. Участие в проектах по созданию и сопровождению интернет-ресурсов ФСКН РФ, ГУСП Президента РФ, ИД «Национальная оборона», Центр анализа мировой торговли оружием, Благотворительный фонд - Иоанновская Семья, Институт физики высоких энергий, Национального исследовательского центра ""Курчатовский институт"" и др.","СУБД MS SQL, MySQL, PostgreSQL, Windows, Linux CentOS, Linux Ubuntu, JavaEE, JavaSE, PHP, JQuery, Angular, CSS, C# WPF, Apache, GlassFish, WildFly, Русский — Родной, Английский — C1 — Продвинутый",Не указано,"Национальный исследовательский ядерный университет ""МИФИ"", Москва Экспериментальная и теоретическая физика , низкотемпературная сверхпроводимость","Русский — Родной, Английский — C1 — Продвинутый",https://hh.ru/resume/dfa9697d0003d5d3210039ed1f4151436c5044
Кандидат,Web-разработчик,6 000 $ на руки,"Мужчина, 31 год","Москва , м. Академическая , готов к переезду , не готов к командировкам",Не указано,Опыт работы 7 лет 8 месяцев,Senior Elixir разработчик в Yolo,Разработка системы бонусов на Elixir/LiveView,"Rust, Tokio, Linux, Elixir, Erlang, Kubernetes, RabbitMQ, Apache Kafka, Apache Cassandra, Go, C, PostgreSQL, Nginx, JavaScript, Git, TypeScript, React, GraphQL, Angular, Solana, Русский — Родной, Английский — B2 — Средне-продвинутый",Не указано,"Национальный исследовательский технологический университет ""МИСиС"" (Московский институт стали и сплавов), Москва ИТАСУ","Русский — Родной, Английский — B2 — Средне-продвинутый",https://hh.ru/resume/93c8358d00033de35f0039ed1f3777417a354f
Candidate,ИТ-эксперт/Дизайнер ПО,300 000 ₽ in hand,"Male, Не указано","Moscow , metro station Medvedkovo , willing to relocate (Italy, China, Netherlands, Serbia, France, Japan) , prepared for business trips",Не указано,Work experience 30 years 5 months,Менеджер продукта в Finterra,"Разработка проектов мобильных приложений: микро-кредитов для Кении, личного кабинета инвестора. Руководство командой. AWS, Ionic, NodeJs, MEAN stack, MongoDB, JavaScript; DynamoDB, Angular, VueJs, React, GraphQL","Russian — Native, Chinese — A2 — Elementary, English — C2 — Proficiency, French — A2 — Elementary, Malaysian — A2 — Elementary, Spanish — B1 — Intermediate","Опыт Языки программирования: • Java: J2SE, J2EE, JBOSS Seam, ExtJs, GWT, EJB, JSF, JavaCard (3 года) • C/C++ (7 лет), • SQL: MySQL, MSSQL (1 год) • Delphi , Pascal (3 года) • Assemblers (7 лет) • Clarion, FORTRAN, Lisp, Prolog Платформы: • JVM • PC (Windows and DOS) • Intel 8051 • Microchip PIC • Toshiba TLCS –900 • Mitsubishi 16C Области применения: • POS и EFT терминалы • EMV смарт-карты • Системы охранной и пожарной безопасности • Низкоуровневое программирование: порты I/0 АЦП, I2C, UART и т.п. Встроенные системы (embedded systems), Разговорный английский, опыт общения с клиентами.","Anglo-Russian Cultural Exchange English Language , Advanced; Московский Государственный Университет Леса Электроники и Системотехники , инженер-системотехник; Курс английского языка Англо-Русский Культурный Обмен , advansed level","Russian — Native, Chinese — A2 — Elementary, English — C2 — Proficiency, French — A2 — Elementary, Malaysian — A2 — Elementary, Spanish — B1 — Intermediate",https://hh.ru/resume/c84d96900000181c420039ed1f736563726574
Кандидат,"Back-End Developer (PHP, Laravel)",200 000 ₽ на руки,"Мужчина, 29 лет","Армения , готов к переезду (Москва) , не готов к командировкам",Не указано,Опыт работы 7 лет 6 месяцев,"Back-End Developer (PHP, Laravel) в Onex","Back-End Developer (PHP, Laravel)","MySQL, SQL, MVC, PHP, ООП, Laravel, Git, REST, API, HTTP, Nginx, Армянский — Родной, Английский — B1 — Средний, Русский — C1 — Продвинутый","Я веб-разработчик с более чем 6-летним опытом работы, специализируюсь на Back-End разработке. В течение своей карьеры я уделял внимание созданию качественных, эффективных и поддерживаемых решений, которые приносят реальную пользу клиентам. Я увлечён постоянным обучением и всегда стремлюсь совершенствовать свои навыки, а также следить за современными технологиями и лучшими практиками. I am a Web Developer with over 6 years of professional experience specializing in Back-End development. Throughout my career, I have focused on delivering high-quality, efficient, and maintainable solutions that bring real value to clients. I am passionate about continuous learning and always strive to improve my skills and stay up to date with modern technologies and best practices.","Национальный политехнический университет Армении информатика и вычислительная техника , инженер конструктор; Profit Development Company Profit Development Company , Web Developer; Эчмиадзински государственный колледж имени Вардгеса Амазаспяна Программное обеспечение вычислительной техники и автоматизированных систем , техник","Армянский — Родной, Английский — B1 — Средний, Русский — C1 — Продвинутый",https://hh.ru/resume/4a0103fa0005addfd70039ed1f677234386961
Кандидат,Junior Front-end Developer,Не указано,"Мужчина, 36 лет","Москва , м. Нахимовский проспект , не готов к переезду , не готов к командировкам",Не указано,Опыт работы 2 года 6 месяцев,Мекнеджер проектов в New Merchandising Technologies,"Подготовка планов расходов, доходов, движения денежных средств проектов. Формирование рабочей команды для проектов (Мск и регионы). Ведение документации по проектам. Организация и реализация проектов в соответствии с планом работ, с требуемым уровнем качества и в согласованном бюджете. Подготовка и ведение презентации проектов. Подготовка и внесение изменений в проекты. Координация работы участников проектных групп. Корректирование план-графиков и бюджета проектов и согласование изменений. Формирование, согласование и предоставление промежуточных и итоговых отчетов по проектам Заказчику. Подведение и защита итогов проекта, в т.ч. бюджета и его согласование с Заказчиком. Полное документальное закрытие проекта. Помощь в организации events компании (до 150 гостей), в разработке и внедрения концепции подарков для клиентов (дизайн, производство, логистика). Проекты и достижения: «Philip Morris»: Тайный Покупатель, market research (сбор информации по запросу Клиента) на территории РФ, аудиты торговых точек. Увеличение маржинальности на 10%, отсутствие просроченной дебиторской задолженности, увеличение оборота проекта на 20% период работы, внедрение в работу online системы Заказчика, консультация Заказчика по системе со стороны агентства. «Бульбашъ» аудит розничных тт, организация промо-активности- качественное и своевременное выполнение задач.","Управление проектами, Русский — Родной, Английский — B2 — Средне-продвинутый","Технологии: - Языки: JS(+ES2015),TS(в рамках работы с Angular2), HTML5, CSS3 - Библиотеки: Jquery, React - Фреймворки: Angular2(изучаю в данный момент),Bootstrap3 - Контроль версий: Git Также имеется опыт работы: - NPM - Gulp *написание задач: минификация, sass -> css, js -> es2015, livereload ... с результатом небольшого тестового проекта собранного при помощи Gulp можно ознакомится тут https://bitbucket.org/demyura/project/src -html5(Canvas) небольшая самостоятельная импровизация http://codepen.io/ya-yuriy/ -AJAX","Московский государственный университет печати им. И. Федорова, Москва Реклама и связи с общественностью , Связи с общественностью; Frontend разработчик https://mkdev.me","Русский — Родной, Английский — B2 — Средне-продвинутый",https://hh.ru/resume/0cf9636b0003c07d0b0039ed1f77414b657678
Кандидат,Full-stack WEB разработчик,150 000 ₽ на руки,"Мужчина, 32 года","Москва , м. Семеновская , не готов к переезду , не готов к командировкам",Не указано,Опыт работы 9 лет 5 месяцев,"Главный специалист в АО ""НИИАС""",Разработка программы для автоматического построения графиков движения поездов,"C#, C#(WPF), MSSQL, MySQL, С#, JavaScript, Visual Studio C#, .NET Framework, ASP.NET, HTML, Git, .NET Core, PostgreSQL, React.js, Angular, Nextjs, Nestjs, Верстка, BEM, TypeScript, Русский — Родной, Английский — A1 — Начальный","Дополнительно обучался на GeekBrains на факультете Fullstack JavaScript. Владею современными навыками создания Web приложений на языках React - SPA и Nextjs - SSR и SSG, а также разработкой на angular (angular universal). Владею TypeScript. Есть опыт работы c языками программирования: SQL,C# (Frontend C#WPF, HTML), фреймворки asp.Net, .net, .net Core. Изучал современные шаблоны проектирования. Опыт создания и администрирования Баз данных через СУБД: MSSQL, MYSQL, PostgreSQL. Опыт командной разработки проектов. Знаком с системами контроля версии git и svn.","Московский государственный технический университет ""МАМИ"", Москва Информационных технологий , Информатика и вычислительная техника; Московский Государственный Колледж Информатики и Программирования Программирование , Программирование; Факультет Fullstack JavaScript GeekBrains , Fullstack Web разработка; TypeScript GeekBrains , FullStack разработка; Разработка сайтов с использованием Nest.js GeekBrains , FullStack разработка; Node.js GeekBrains , FullStack разработка; React GeekBrains , FullStack разработка; Базовый курс JavaScript GeekBrains , FullStack разработка; Продвинутый курс JavaScript GeekBrains , FullStack разработка; HTML/CSS. Интерактивный курс GeekBrains , FullStack разработка; Профессиональная вёрстка GeekBrains , FullStack разработка; Git. Базовый курс GeekBrains , FullStack разработка","Русский — Родной, Английский — A1 — Начальный",https://hh.ru/resume/56542b7600021dc70c0039ed1f636f3756624e
Кандидат,Frontend-разработчик,Не указано,"Мужчина, 30 лет","Москва , м. Беляево , готов к переезду , готов к командировкам",Не указано,Опыт работы 3 года 7 месяцев,"Фронтенд-разработчик в НИИАС, ОАО","Рефакторинг и оптимизация кода. Создание конфигурации для сборки приложений, докерфайлы, конфигурации для webpack, vite. Реинжиниринг старых проектов, перевод их на современный стек. Поддержка единого code style, код-ревью. Совместная с PM разработка плана работ. Обучение и онбординг для новых сотрудников. Работа с React/MobX, Angular, Vue/Pinia, Nuxt/Pinia, TypeScript Интеграция с бэкенд api","React, UI, SCSS, Node.js, JavaScript, REST API, VueJS, Express.js, Gitlab, Кроссбраузерная верстка, Webpack, Git, Socket.io, Docker, ui libs, Nuxt.js, Русский — Родной, Английский — B1 — Средний","Уверенный Middle Frontend-разработчик с 3+ годами опыта в разработке и оптимизации веб-приложений на Vue, React и Angular. Активно развиваю навыки в архитектуре приложений и backend (Python/Docker). Имею личные проекты на GitHub. Ищу возможность профессионального роста в динамичной IT-команде, фокусируясь на производительности и UX.","Московский городской педагогический университет, Москва; Продвинутый JavaScript Geekbrains; Vue - разработчик Geekbrains; Интернет курсы Beonmax.ru Beonmax , Верстка; Geekbrains Geekbrains , Frontend","Русский — Родной, Английский — B1 — Средний",https://hh.ru/resume/94ec242b000418e7a00039ed1f5a4a46733333
Кандидат,Разработчик ASP.NET,Не указано,"Мужчина, 29 лет","Москва , готов к переезду (Санкт-Петербург) , готов к командировкам",Не указано,Опыт работы 7 лет 1 месяц,Программист ASP.NET Core в Самообучение,"Занимаюсь по 3-4 часа в день На данный момент освоил базовые возможности платформы Asp .Net Core Написание REST API Был опыт работы с Entity Framework и проектировании БД на его основе. Использование Dapper в качестве ORM Базовые знания HTML, CSS, JavaScript Небольшой опыт работы с Angular Был опыт использования паттернов проектирования","C#, .NET Framework, MVC, ASP.NET, MS SQL Server, Dapper, AngularJS, HTML, CSS, JavaScript, Русский — Родной, Английский — A2 — Элементарный",Последний год открыл с друзьями ИП. Занимались разработкой и продвижением мобильных и компьютерных игр. • Человек с активной жизненной позицией. • Настойчив в случае необходимости. • Коммуникабелен. • Обладаю организаторскими способностями. • Имею военный билет на руках • Ссылка на github https://github.com/CanistroBrandian/ • http://canistrobrandian-001-site1.ctempurl.com/ один из проектов,"Белорусская Государственная Академия Связи Электросвязи , Инженер по инфокоммуникационным системам; Курс основы .net Belhard , .net","Русский — Родной, Английский — A2 — Элементарный",https://hh.ru/resume/225b33fc0007a279130039ed1f33544e4a3355
Кандидат,Инженер-программист,Не указано,"Мужчина, 48 лет","Москва , м. Динамо , не готов к переезду , готов к командировкам",Не указано,Опыт работы 20 лет 10 месяцев,Инженер-программист в itEngineering,"Programming Languages: C++, Java, Python, C#, Go, Delphi, FoxPro JavaScript, JQuery, Node.js, PHP, Kotlin, Vue, Angular, React, AJAX, HTML, XHTML, CSS SAP (ABAP), JD Edwards, MS Dynamix, 1C Frameworks: Bootstrap, WordPress, Drupal, Yii, Magento, Bitrix, SharePoint Databases: MS SQL, IBM DB2, Postgree SQL, MySQL, MongoDB, DynamoDB Intergration: SOAP, WSDL, XML, JSON, REST API, AWS, microservices","PMP, Русский — Родной, Английский — C1 — Продвинутый, Испанский — B1 — Средний",Не указано,"Российский экономический университет им. Г.В. Плеханова, Москва; Wales University MBA","Русский — Родной, Английский — C1 — Продвинутый, Испанский — B1 — Средний",https://hh.ru/resume/27abfa410007da3d820039ed1f525134634473
Кандидат,Web developer,800 $ на руки,"Мужчина, 62 года","Москва , не готов к переезду , готов к редким командировкам",Не указано,Опыт работы 12 лет 10 месяцев,"Инженер-программист в ООО ""ДжастВэбБай""",Создание и поддержка Интернет-проектов Laravel/OctoberCMS,"JavaScript, MySQL, Git, HTML5, CSS3, CSS, PHP, Linux, Bootstrap, Ajax, Web Application Development, CMS Wordpress, Apache HTTP Server, Администрирование сайтов, Веб-программирование, phpMyAdmin, Администрирование, Adobe Photoshop, laravel, Symfony, Windows Server, typescript, angular2, jQuery, Golang, OctoberCMS, Белорусский — Родной, Английский — B2 — Средне-продвинутый",Не указано,"Гомельский государственный университет им. Ф. Скорины, Гомель Экономический факультет , ОМОЭИ (ТЭИС и АСУ)","Белорусский — Родной, Английский — B2 — Средне-продвинутый",https://hh.ru/resume/3f3a6bf40001bebcd60039ed1f626f4f693162
Кандидат,"Fullstack-разработчик, разработчик кроссплатформенных мобильных приложений",230 000 ₽ на руки,"Мужчина, 41 год","Москва , м. Новогиреево , не готов к переезду , готов к командировкам",Не указано,Опыт работы 15 лет 8 месяцев,"Fullstack-разработчик в ООО ""Пикварио Технологии (Смартекс)""","Разработка и поддержка кроссплатформенного мобильного приложения, web-приложений, CI/CD для мобильной разработки. Достижения: - ускорил процесс разработки нового функционала на 20% за счет внедрения основных принципов DDD + слоистой архитектуры; - полность автоматизированна сборка и доставка приложения в AppStore, Google Play, App Gallery, Firebase, Sentry для релизной и тестировочной версии; - были улучшены и исправлены некоторые плагины для NativeScript платформы, что привело к предотвращению срывов сроков завершения задачи. Плагины также опубликованы в публичный доступ (NPM); - проведена работа по оптимизации производительности и размера конечного пакета за счет замещения библиотеки FFMPEG несколькими строчками нативного кода (Java/Swift); - активно участвовал в разработки платформы NativeScript и участвовал в докладе на CrossConf в Москве 2024 г.","JavaScript, Node.js, VueJS, PHP, Yii, Разработка нового продукта, Разработка ПО, REST API, Обучение и развитие, TypeScript, Angular, DDD, React Native, Русский — Родной, Английский — A2 — Элементарный","Без вредных привычек. Люблю развиваться и создавать качественный продукт. YII2, Drupal, CS-Cart, Prestashop, Netcat.","Институт Натальи Нестеровой Экономики , Менеджмент; Официальный курс по NestJs NestJs , Backend-разработчик на NestJs (NodeJS)","Русский — Родной, Английский — A2 — Элементарный",https://hh.ru/resume/44325bea00035f37300039ed1f476454766c4f
Кандидат,Frontend-разработчик,Не указано,"Мужчина, 33 года","Москва , м. Речной вокзал , не готов к переезду , готов к редким командировкам",Не указано,Опыт работы 7 лет 10 месяцев,(Frontend разработчик) Технический менеджер по рекламной интеграции в VK,"- стек: html, css, react, rb , target / Jira, Confluence - Внедрение новых рекламных форматов, включая их верстку и интеграцию, а также проведение тестирования для оценки эффективности. - Поддержка и доработка уже существующих рекламных решений компании на платформах RB и Target, направленные на оптимизацию пользовательского опыта.","HTML5, JavaScript, Аналитическое мышление, CSS3, Git, Sass, ООП, Английский язык, jQuery, Adobe XD, React, TypeScript, Angular, Figma, Jira, Русский — Родной, Английский — B2 — Средне-продвинутый","Семейное положение – женат, наличие детей - нет, уровень владения ПК – опытный пользователь; Крепкие знание HTML5, CSS3, JS; Опыт работы с jQuery, NodeJS, Pug/Jade, Sass/Less, Mongo, фреймворки: React и Angular. Основы языков С, Python; Опыт работы с графическими редакторами Figma, Adobe XD, Avocode, Photoshop . Иностранный язык – английский (разговорный) Склонность к аналитическому мышлению, коммуникабельный, ответственный, умение работать в команде, стремление к повышению профессионального уровня.","Национальный исследовательский Иркутский государственный технический университет, Иркутск Электроника, радиотехника и системы связи , Аспирантура / незаконченное; Иркутский государственный университет, Иркутск Физический факультет , Общая физика/Физика конденсированного состояния; Новосибирский национальный исследовательский государственный университет, Новосибирск Физический факультет; Академия Вёрстки Академия Вёрстки , Веб разработчик; Академия Вёрстки Академия Вёрстки , Веб разработчик","Русский — Родной, Английский — B2 — Средне-продвинутый",https://hh.ru/resume/ab5f55f800033fba140039ed1f4a4149323866
Кандидат,Web-программист,Не указано,"Мужчина, 30 лет","Москва , не готов к переезду , готов к редким командировкам",Не указано,Опыт работы 10 лет,Web-программист в Монитор софт,- Разработка систем предоставления планов полетов https://new.ivprf.ru/ - Менторство новых сотрудников - Взаимодействие с командой по методологии SCRUM - Сопровождение проектов (Team Lead разработки) - Код-ревью - Разработка нового функционала проектов заказчика - Проектирование проектов - Опыт проведения интервью,"PHP, HTML, JavaScript, MySQL, jQuery, CMS Wordpress, Git, CSS3, Bootstrap, HTML5, SQL, Yii2, Laravel, GO, Angular, Swift, REST, JSON API, Frontend, PostgreSQL, Веб-программирование, Русский — Родной, Английский — B2 — Средне-продвинутый","Веду здоровый образ жизни, активно занимаюсь различными видами спорта, увлекаюсь фотосъемкой и видеосъемкой","Российский новый университет, Москва Информационные системы и компьютерные технология","Русский — Родной, Английский — B2 — Средне-продвинутый",https://hh.ru/resume/ce34f74500041bb1750039ed1f465054544a68
Кандидат,Senior Front-end developer,Не указано,"Мужчина, 41 год","Москва , не готов к переезду , готов к командировкам",Не указано,Опыт работы 16 лет 2 месяца,Старший программист в Positive Technologies,Фронтенд разработка продукта,"JavaScript, CSS, HTML, Angular, TypeScript, React, VueJS, Русский — Родной, Английский — B1 — Средний","Меня зовут Константин Котов, я разработчик ПО. Имею опыт разработки ПО как Front-end (js, ts) части (основная специализация), так и Back-end (js, ts, php, Java(мало)). Как творческая личность (хобби - музыка) очень люблю создавать интерфейсы и любоваться их работой. Активно участвую в командной деятельности каждого проекта; считаю, что к любому (интересному) проекту необходимо относиться как к своему личному. Последние 2,5 года работаю в роли тим лида разработки официально, раньше был опыт неофициальный. Нет таких задач с которыми бы я не справился. Контакты: Телеграм: https://t.me/kotyakotov Пройденные курсы в компании Luxoft: Aug 2021 LAC-013_FL - Exam Jan 2021 Kick-off meeting for Corporate Learning Programs Nov 2020 HolyJS 2020 Conference Webcast Jun 2020 HolyJS 2020 Conference Webcast Apr 2020 LUX-068 Respectful and Constructive Communication Feb 2020 ENG-001 - General English Course- Non-Native Speaker - Omsk (Marksa 41/7). Nov 2019 HolyJS 2019 Jan 2019 WEB-012 React Development May 2018 ENG-001 - General English Language - Non-Native Speaker - Omsk (Marksa 41/7) Sep 2017 ENG-Tel-01 Distance Course of Telephone English Jan 2017 WEB-011 AngularJS Feb 2016 ARC-010_ONL [Remote format, RUS only] Introduction to Software System Architecture Dec 2015 ENG-OM-01 English Class Omsk Sep 2015 REQ-042 Usability-analysis and design of web interfaces (many authors) Jul 2015 ENG-OM-01 English Class Omsk Jun 2015 REQ-002 Workshop on Requirements Management: From Classic to User Stories Feb 2015 ENG-OM-01 English Class Omsk Dec 2014 REQ-001_ONL [Remote format] Basics of Visual Modeling with UML 2.0 Sep 2014 ENG-OM-01 English Class Omsk","Омский государственный университет им. Ф.М. Достоевского, Омск Физический, Прикладные математика и физика , диплом, бакалавр; Luxoft Training Luxoft Training , Leadership Academy","Русский — Родной, Английский — B1 — Средний",https://hh.ru/resume/ab1d1893000107d1750039ed1f5263737a6344
Кандидат,Web-программист,90 000 ₽ на руки,"Мужчина, 33 года","Москва , готов к переезду , готов к командировкам",Не указано,Опыт работы 8 лет 2 месяца,Web-программист в Naghashyan Solutions,"Программирование веб приложений, базы данных","PHP, JavaScript, MySQL, jQuery, Ajax, SQL, Git, ООП, Laravel, Design Patterns, TypeScript, Angular, CSS3, HTML5, Node.js, Русский — Родной","я помимо программирования увлекаюсь музыкой, играю на гитаре. Люблю время читая интересную литературу, в основном чтобы учиться чему то новому.","Ереванский Государственный Университет Истории , История",Русский — Родной,https://hh.ru/resume/1de4b61f00071528260039ed1f51495a4c644c
Кандидат,Программист,150 000 ₽ на руки,"Мужчина, 49 лет","Москва , м. Жулебино , готов к переезду (Москва, Московская область) , готов к командировкам",Не указано,Опыт работы 24 года 5 месяцев,Программист в Российское Автомобильное Товарищество,"Разработка ПО. Участие в проектах по созданию программ для телефонного центра обслуживания клиентов - CRM. Обслуживание существующих систем. Разработка на языках C# (.NET), PHP, JavaScript, XSLT. Разработка движка для клиентских сценариев. Консультирование по развертке сценариев обслуживания клиентов.","Delphi, JavaScript, MS Access, MS Excel, MS SQL Server, .NET Framework, PHP5, VBA, VBScript, XML/Xslt, Управление проектами, HTML, CSS, Русский — Родной, Английский — C2 — В совершенстве, Казахский — B2 — Средне-продвинутый, Немецкий — B2 — Средне-продвинутый, Французский — C2 — В совершенстве","C/C++/C#, Java, VB, VBA, Delphi, Assembly, VBScript, JavaScript, Perl, PHP, XSLT, MS Access, Web design, .NET Framework, Java, ASP.NET, Databases, MS Office, сетевое администрирование, программирование","Рочестерский технологический институт, США. Инженер по компьютерам. , Магистр; Рудненский индустриальный институт, Казахстан. Инженер по автоматизации в энергосистемах. , Диплом инженера; HTML/HTML5, CSS/CSS3, PHP, JS, Node.js, Angular JS/D3.js, Yii framework, MVC5 framework Школа программирования proglive.ru , Программирование; Реализация баз данных, Компьютерные сети на основе MS Windows Server 2008, Современные средства разработки веб-приложений с использованием Microsoft Visual Studio Softline academy www.it-academy.ru (учебный центр ВМК МГУ)","Русский — Родной, Английский — C2 — В совершенстве, Казахский — B2 — Средне-продвинутый, Немецкий — B2 — Средне-продвинутый, Французский — C2 — В совершенстве",https://hh.ru/resume/85bff9ac00002cb89c0039ed1f736563726574
Кандидат,Ведущий C# .NET разработчик (Senior),Не указано,"Мужчина, 30 лет","Бишкек , готов к переезду (Москва, Санкт-Петербург) , готов к командировкам",Не указано,Опыт работы 6 лет 10 месяцев,Ведущий разработчик .net в ССГНСМФКР,"Ведущий .NET разработчик и тимлид с 7-летним опытом. Специализируюсь на рефакторинге сложных систем и построении распределенной архитектуры (Kafka, Microservices). - Являюсь лидом в команде backend-разработки, отвечаю за архитектуру и развитие ключевых систем нашей команды. ▧ Ключевые достижения: - Сократил время расчета налоговой карты с 2-х суток до 10 минут, полностью переписав и оптимизировав ядро системы. - Спроектировал и внедрил распределенную архитектуру на основе микросервисов и Kafka, успешно разделив сложный монолит, что повысило отказоустойчивость и скорость внедрения новых функций. - Снизил затраты на инфраструктуру, переведя хранение файлов с дисковых серверов на облачное S3-хранилище. - Разработал и внедрил Event Sourcing для системы КЛС, обеспечив возможность восстановления состояния на любой момент времени. ▧ Обязанности: - Архитектурное проектирование новых сервисов (BPMN, UML). - Управление командой разработчиков (код-ревью, менторинг, онбординг). - Разработка backend-сервисов и поддержка frontend-части (Angular). - Настройка мониторинга производительности (OpenTelemetry, Loki, Grafana). ▧ Стек: C#, .NET, PostgreSQL, Kafka, Microservices Architecture, Docker, Kubernetes (если есть), Angular, System Design, Team Leadership.","C#, .NET Core, ООП, SQL, SOLID, Entity Framework, PostgreSQL, MS SQL Server, ASP. NET, REST API, LINQ, ASP.NET Core, REST, Backend, Рефакторинг кода, ASP.NET MVC, С#, ASP.NET, Микросервисная архитектура, Web API, Multithread Programming, Redis, Docker, S3 Nas, Design Patterns, JavaScript, Angular, Agile, MS SQL, SOAP, Русский — Родной, Английский — B1 — Средний","Ведущий .NET разработчик и тимлид с 7-летним опытом в финтехе и госсекторе. Специализируюсь на проектировании распределенных систем, рефакторинге монолитов и оптимизации производительности. ▧ Ключевое достижение Переписал и оптимизировал ядро системы налоговых расчетов, сократив время обработки с 48 часов до 10 минут. ▧ Ключевые компетенции Языки и Платформы: C#, .NET 6/8, JavaScript, TypeScript Backend: ASP.NET Core (Web API, MVC), Entity Framework, Dapper, LINQ, MediatR, Quartz Архитектура: Микросервисная архитектура, Event Sourcing, DDD, SOLID, ООП, Паттерны проектирования Базы данных: MS SQL Server, PostgreSQL, Redis (Cache) Брокеры сообщений: Kafka DevOps и CI/CD: Docker, Nginx, GitLab CI, OpenTelemetry, Grafana, Loki Frontend: Angular, HTML, CSS Инструменты: Git, Jira, Agile, LLM, MCP","(Магистратура) Кыргызский Государственный Технический Университет Прикладная математика и информатика , Анализ и обработка данных; INTERNATIONAL UNIVERSITY OF KYRGYZSTAN Information systems in business, Software for computer hardware and automated systems , Automated information processing and control systems","Русский — Родной, Английский — B1 — Средний",https://hh.ru/resume/ce793fb30008faac9c0039ed1f754a41756b33
Кандидат,Веб-программист,200 000 ₽ на руки,"Мужчина, 35 лет","Москва , готов к переезду , готов к редким командировкам",Не указано,Опыт работы 7 лет 9 месяцев,Senior-разработчик в Staq Developers,"Разработка архитектуры, моделей базы данных, развертывание инфраструктуры, разработка бэкенда на Django и фронтенда на Angular/React/Ionic, общение с клиентами.","Системный анализ, SQL, Python, PHP, C#, JavaScript, CSS3, HTML5, Node.js, AngularJS, React, Django Framework, Русский — Родной",Не указано,"Университет Ист Англии Компьютерная наука , кандидат технических наук (PhD); Университет Ист Англии Компьютерная наука , магистр; Университет Ист Англии Компьютерная наука , бакалавриат",Русский — Родной,https://hh.ru/resume/b2bac0a80003eb500b0039ed1f426377685249
Кандидат,Frontend-разработчик,70 000 ₽ на руки,"Женщина, 29 лет","Москва , не готова к переезду , не готова к командировкам",Не указано,Опыт работы 6 лет 1 месяц,Web-разработчик в Блэкберри,"Поддержание проектов, разработка новых","HTML5, CSS3, JavaScript, Figma, AngularJS, React, Redux, ООП, MVP, TypeScript, Less, Bootstrap, Adobe Photoshop, Flex, grid, Кроссбраузерная верстка, CMS Wordpress, 1С-Битрикс, Адаптивная верстка, Git, REST, API, axios, Ajax, Webpack, Node.js, Русский — Родной","Имею опыт коммерческой разработки Работала как в команде так и создавала проекты с нуля самостоятельно Стараюсь постоянно повышать квалификацию, слежу за нововведениями Способна читать документацию на английском языке Есть опыт работы с различными библиотеками, фреймворками и CMS системами Ценю рост и развитие Люблю свое дело, всегда соблюдаю сроки и ответственно подхожу к работе Имею опыт и способность работать в режиме многозадачности Нацелена на результат","Российский государственный социальный университет Экономический , Экономика и управление на предприятии (по отраслям)2020; React- разработчик HTML Academy; Высшая инженерная школа им. Петра Великого Высшая инженерная школа им. Петра Великого , Веб-дизайнер",Русский — Родной,https://hh.ru/resume/96f87555000739c8830039ed1f374f6e74636e
Кандидат,Программист,Не указано,"Мужчина, 45 лет","Нижний Новгород , м. Горьковская , готов к переезду (Владивосток, Владимир, Казань, Москва, Нижний Новгород, Санкт-Петербург) , готов к командировкам",Не указано,Опыт работы 17 лет 8 месяцев,Web-программист в Web-программист,"1)Разработка сайтов для местных компаний. 2) Верстка мобильных версий сайтов (flexbox, bootstrap) 3) Доработка скриптовой (js ES 2015) части сайтов. 4) Разработка пользовательских интерфейсов 1. http://www.sequoiastudio.ru/ - интернет-магазин товаров из дерева. Велись работы по следующим направлениям: верстка, доработка фильтров выбора товаров, наполнение, хостинг. 2 http://www.upyourstyle.ru/ - прототип интернет сервиса подбора одежды по фото пользователя. 3. www.bezdolgovnn.ru - сайт антиколлекторского агентства. (HTML, CSS, JS)","JavaScript, Angular2, ECMAScript 6, SASS (SCSS), Bootstrap 4, Webpack, Git, Кроссбраузерная и адаптивная верстка, RESTFul API, Ajax, Понимание принципов ООП, MVC, паттернов проектирования, Русский — Родной, Английский — A1 — Начальный","1. http://www.sequoiastudio.ru/ - интернет-магазин товаров из дерева: html, css, js, joomla 2 http://www.upyourstyle.96.lt/ - это прототип интернет сервиса подбора одежды по фото пользователя: html, css, js, joomla 3. http://www.domdobr.com/ - сайт строительной компании специализирующейся на деревянных домах: css, js, наполнение. 4. www.bezdolgovnn.ru - лендинг антиколлекторского агентства : html, css, php. Активно занимаюсь самообразованием, заинтересован в качественном росте и работе в реальных проектах. Основной задачей для себя на данный момент ставлю более глубокое освоение технологий front-end full-stack.","Нижегородский государственный университет им. Н.И. Лобачевского (Национальный исследовательский университет), Нижний Новгород Факультет дополнительного образования , Программист; Аспирантура экономического факультета ВГАВТ, специальность – «Экономика и управление народным хозяйством ""Экономика народного хозяйства""; Волжская Государственная Академия Водного Транспорта Менеджмент; Коммерческая недвижимость УКЦ ""ВЫБОР"" , диплом; PR-технологии мастер-класс А.Вингурт , диплом; INTERNET-реклама – методики оптимизации ЗАО ""SANDY"" , диплом; Теория и Практика работы на международных финансовых рынках ННГУ им. Лобачевского , диплом","Русский — Родной, Английский — A1 — Начальный",https://hh.ru/resume/15c52fe10003c5558c0039ed1f446c7a706b68
Кандидат,C#/.NET-разработчик,160 000 ₽ на руки,"Мужчина, 22 года","Москва , м. Курская , готов к переезду , готов к командировкам",Не указано,Опыт работы 3 года 11 месяцев,"Специалист технологического развития в АО ""Реестр""","Опыт работы Разработка полнофункциональных веб-приложов в режиме Fullstack (Frontend + Backend). Создание прототипов UI/UX в Figma (wireframes, интерактивные прототипы). Модернизация функционала и интерфейса существующих проектов (например, Личный кабинет клиента) с использованием: Backend: C#, .NET, Web API, Hangfire, Windows-службы. Frontend: TypeScript, JavaScript. Базы данных: MS SQL (написание хранимых процедур, представлений, изменение схемы БД). Участие в разработке Blazor-приложения (реализация калькулятора дат собраний). Самостоятельная разработка внутреннего корпоративного приложения (.NET 6, MVC + Angular). Ключевые навыки Backend: .NET, ASP.NET Core, Web API, MS SQL, Hangfire. Frontend: Angular, JavaScript, TypeScript, HTML, CSS. Инструменты: Figma (прототипирование), Git, Visual Studio. - Написание программного кода - Разработка и обслуживание серверной части приложения - Исправление выявленных багов - Рефакторинг программного кода - Оптимизация программного кода - Разработка и поддержка клиентской части веб-приложения - Реализация функциональности и логики программы в соответствии с техническим заданием и архитектурными решениями - Формализация и алгоритмизация поставленных задач для дальнейшего написания программного кода - Проектирование концептуальной архитектуры программной системы","Умение работать в команде, Программирование, KISS, Git, GitHub, ООП, .NET, MS SQL, ADO.NET, MVC, ASP. NET core, Entity Framework, LINQ, TypeScript, ASP.NET Core, .NET Core, ASP. NET, MS SQL Server, PostgreSQL, Умение разбираться в чужом коде, Основы компьютерных сетей, C#, SQL, Базы данных, Scrum, Hangfire, REST API, gRPC, MongoDB, Docker, Русский — Родной, Английский — A2 — Элементарный","В рамках обучения в колледже, разработал базу данных MS SQL включая проектирование структуры таблиц и связей между ними. Имею опыт работы с принципами ООП (SOLID) и знания фундаментальных технологий веб-разработки: HTML, CSS, JS. Разрабатывал frontend компоненты на Angular, интегрируя их с backend системами. Использую GitHub для версионного контроля кода и сотрудничества в команде. В рамках саморазвития реализовал собственные проекты с использованием баз данных PostgreSQL и MongoDB. В данный момент учусь и работаю, хочу изучать новое, получить больше практического опыта. Ссылка на GitHub: https://github.com/Shura-mint213","Московский государственный университет технологий и управления им. К.Г. Разумовского (ПКУ) Прикладная информатика (бакалавр прикладной информатики); Федеральное государственное бюджетное образовательное учреждение высшего образования ""Московский государственный университет технологий и управления имени К.Г. Разумовского (Первый казачий университет)"" Программирование в компьютерных системах","Русский — Родной, Английский — A2 — Элементарный",https://hh.ru/resume/5a9e054200090f72a30039ed1f615568435278
Кандидат,Frontend разработчик,Не указано,"Мужчина, 32 года","Москва , не готов к переезду , не готов к командировкам",Не указано,Опыт не указан,Не указано,Не указано,"CSS3, HTML5, SCSS, JavaScript, Angular, NodeJS, Git, Русский — Родной, Английский — A2 — Элементарный, Японский — A2 — Элементарный","Уверенное владение HTML и CSS, JavaScript (ES7). Опыт в создании адаптивных и отзывчивых веб-страниц, Понимание основных принципов UI/UX дизайна, Использование (Bootstrap) и препроцессора (Sass) https://github.com/Noozlik?tab=repositories","Томский государственный архитектурно-строительный университет, Томск Строительный , ПГС; Томский механико-технологический техникум Строительный , ПГС","Русский — Родной, Английский — A2 — Элементарный, Японский — A2 — Элементарный",https://hh.ru/resume/ce36b69c00072092f10039ed1f5a3738504573
Кандидат,Frontend-разработчик,120 000 ₽ на руки,"Мужчина, 34 года","Армения , готов к переезду (Беларусь, Грузия, Москва, Россия, Санкт-Петербург, Череповец) , готов к редким командировкам",Не указано,Опыт работы 10 лет 4 месяца,Frontend-разработчик в INLINE INOVATION,Frontend-разработчик,"Well Engineering, Microsoft Visual Studio, .NET Framework, JavaScript, HTML, CSS, jQuery, Windows 7, Angular 2+, Армянский — Родной, Английский — A2 — Элементарный, Русский — B2 — Средне-продвинутый","Object Oriented Analysis/Design, Microsoft C#, Windows Presentation Foundation, Visual Basic, Standard Template Library, Microsoft Windows, Microsoft SQL Server, Microsoft .NET Technology, Linux, C++, ASP-Net, Ado-net,","State Engineering University of Armenia Department of Computer Systems and Informatics , ИНФОРМАЦИОННАЯ БЕЗОПАСНОСТЬ; Microsoft Innovation Center C#-OOP , Development","Армянский — Родной, Английский — A2 — Элементарный, Русский — B2 — Средне-продвинутый",https://hh.ru/resume/c742588a0001d605e50039ed1f333150577648
